<?xml version="1.0" encoding="UTF-8" ?>
<modules>
	<module>
		<name>novthemeconfig</name>
		<prefix>novthemeconfig_</prefix>
		<query>0</query>
	</module>
	<module>
		<name>novmegamenu</name>
 		<tables>
 			<table>novmegamenu</table>
 			<table>novmegamenu_lang</table>
 			<table>novmegamenu_shop</table>
 		</tables>
		<query>1</query>
	</module>
	<module>
		<name>novverticalmenu</name>
 		<tables>
 			<table>novverticalmenu</table>
 			<table>novverticalmenu_lang</table>
 			<table>novverticalmenu_shop</table>
 		</tables>
		<query>1</query>
	</module>
	<module>
		<name>novnivoslider</name>
 		<tables>
 			<table>novnivoslider</table>
 			<table>novnivoslider_slides</table>
 			<table>novnivoslider_slides_lang</table>
 		</tables>
		<prefix>novnivoslider_</prefix>
		<query>1</query>
	</module>
	<module>
		<name>novpagemanage</name>
 		<tables>
 			<table>novpagemanage</table>
 		</tables>
		<query>1</query>
	</module>
	<module>
		<name>novtestimonials</name>
 		<tables>
 			<table>novtestimonials</table>
 			<table>novtestimonials_lang</table>
 			<table>novtestimonials_shop</table>
 		</tables>
		<query>1</query>
		<prefix>novtestimonials_</prefix>
	</module>
	<module>
		<name>novblocktags</name>
	</module>
	<module>
		<name>novblockwishlist</name>
	</module>
	<module>
		<name>smartblog</name>
 		<tables>
 			<table>smart_blog_category</table>
 			<table>smart_blog_category_lang</table>
 			<table>smart_blog_category_shop</table>
			<table>smart_blog_comment_shop</table>
			<table>smart_blog_comment</table>
			<table>smart_blog_media</table>
			<table>smart_blog_post</table>
			<table>smart_blog_post_lang</table>
			<table>smart_blog_post_shop</table>
			<table>smart_blog_post_category</table>
			<table>smart_blog_post_related</table>
			<table>smart_blog_product_related</table>
			<table>smart_blog_tag</table>
			<table>smart_blog_post_tag</table>
			<table>smart_blog_imagetype</table>
 		</tables>
		<prefix>smart</prefix>
		<query>1</query>
	</module>
	<module>
		<name>smartblogrecentposts</name>
	</module>
	<module>
		<name>smartbloghomelatestnews</name>
	</module>

</modules>