<?xml version="1.0" encoding="UTF-8" ?>
<sample>
<novthemeconfig>
<config>
<novthemeconfig_all_img>0</novthemeconfig_all_img>
<novthemeconfig_body_bg_color>#ffffff</novthemeconfig_body_bg_color>
<novthemeconfig_body_bg_image></novthemeconfig_body_bg_image>
<novthemeconfig_body_bg_pattern>none</novthemeconfig_body_bg_pattern>
<novthemeconfig_body_bg_repeat>repeat</novthemeconfig_body_bg_repeat>
<novthemeconfig_cateblog_columns>2</novthemeconfig_cateblog_columns>
<novthemeconfig_cateblog_layout>layout-right-column</novthemeconfig_cateblog_layout>
<novthemeconfig_cateblog_type>grid</novthemeconfig_cateblog_type>
<novthemeconfig_categoryDes>0</novthemeconfig_categoryDes>
<novthemeconfig_category_desc>0</novthemeconfig_category_desc>
<novthemeconfig_category_image>0</novthemeconfig_category_image>
<novthemeconfig_category_title>0</novthemeconfig_category_title>
<novthemeconfig_cat_product_counter>1</novthemeconfig_cat_product_counter>
<novthemeconfig_cat_product_desc>0</novthemeconfig_cat_product_desc>
<novthemeconfig_cat_product_label>1</novthemeconfig_cat_product_label>
<novthemeconfig_cat_product_price>1</novthemeconfig_cat_product_price>
<novthemeconfig_cat_product_quickview>1</novthemeconfig_cat_product_quickview>
<novthemeconfig_cat_product_rate>0</novthemeconfig_cat_product_rate>
<novthemeconfig_cat_product_stock>0</novthemeconfig_cat_product_stock>
<novthemeconfig_cat_product_title>1</novthemeconfig_cat_product_title>
<novthemeconfig_cat_product_type>type_one</novthemeconfig_cat_product_type>
<novthemeconfig_copyright></novthemeconfig_copyright>
<novthemeconfig_countdown>1</novthemeconfig_countdown>
<novthemeconfig_count_showmore_vertical>8</novthemeconfig_count_showmore_vertical>
<novthemeconfig_customCSS></novthemeconfig_customCSS>
<novthemeconfig_customlogo>logo-1</novthemeconfig_customlogo>
<novthemeconfig_customlogo_1>logo-1.png</novthemeconfig_customlogo_1>
<novthemeconfig_customlogo_2>logo-1.png</novthemeconfig_customlogo_2>
<novthemeconfig_customlogo_enable>1</novthemeconfig_customlogo_enable>
<novthemeconfig_enable_showmore_vertical>0</novthemeconfig_enable_showmore_vertical>
<novthemeconfig_footer>default</novthemeconfig_footer>
<novthemeconfig_footer_style>displayFooterNovOne</novthemeconfig_footer_style>
<novthemeconfig_grid_subcategory>4</novthemeconfig_grid_subcategory>
<novthemeconfig_header>default</novthemeconfig_header>
<novthemeconfig_header_style>displayHeaderNovOne</novthemeconfig_header_style>
<novthemeconfig_home_style>displayHomeNovOne</novthemeconfig_home_style>
<novthemeconfig_image></novthemeconfig_image>
<novthemeconfig_itemsperline>3</novthemeconfig_itemsperline>
<novthemeconfig_layout_style>layout-full</novthemeconfig_layout_style>
<novthemeconfig_liveconf>0</novthemeconfig_liveconf>
<novthemeconfig_loggedmsg></novthemeconfig_loggedmsg>
<novthemeconfig_logo_footer></novthemeconfig_logo_footer>
<novthemeconfig_logo_mobile>logo-mobile-1.png</novthemeconfig_logo_mobile>
<novthemeconfig_main_font>Josefin Sans</novthemeconfig_main_font>
<novthemeconfig_main_font_primary>Oswald</novthemeconfig_main_font_primary>
<novthemeconfig_mode_layout>wide</novthemeconfig_mode_layout>
<novthemeconfig_moreinfo>tab</novthemeconfig_moreinfo>
<novthemeconfig_payment_image>payment-1.png</novthemeconfig_payment_image>
<novthemeconfig_product>default</novthemeconfig_product>
<novthemeconfig_productinfo>default</novthemeconfig_productinfo>
<novthemeconfig_productitem>default</novthemeconfig_productitem>
<novthemeconfig_product_attribute>1</novthemeconfig_product_attribute>
<novthemeconfig_product_availability>1</novthemeconfig_product_availability>
<novthemeconfig_product_customtab></novthemeconfig_product_customtab>
<novthemeconfig_product_customtab_name>Custom Tab</novthemeconfig_product_customtab_name>
<novthemeconfig_product_customtab_show>1</novthemeconfig_product_customtab_show>
<novthemeconfig_product_layout>layout-right-column</novthemeconfig_product_layout>
<novthemeconfig_product_rating>1</novthemeconfig_product_rating>
<novthemeconfig_product_relate_col>4</novthemeconfig_product_relate_col>
<novthemeconfig_product_shortdesc>1</novthemeconfig_product_shortdesc>
<novthemeconfig_product_sku>1</novthemeconfig_product_sku>
<novthemeconfig_product_thumb>5</novthemeconfig_product_thumb>
<novthemeconfig_product_thumbtype>false</novthemeconfig_product_thumbtype>
<novthemeconfig_rows></novthemeconfig_rows>
<novthemeconfig_second_img>1</novthemeconfig_second_img>
<novthemeconfig_share_buttons>1</novthemeconfig_share_buttons>
<novthemeconfig_showimage>none</novthemeconfig_showimage>
<novthemeconfig_skin>default</novthemeconfig_skin>
<novthemeconfig_sub_category>0</novthemeconfig_sub_category>
<novthemeconfig_sub_category_desc>1</novthemeconfig_sub_category_desc>
<novthemeconfig_sub_category_image>0</novthemeconfig_sub_category_image>
<novthemeconfig_sub_category_title>0</novthemeconfig_sub_category_title>
<novthemeconfig_themecolorrand>0</novthemeconfig_themecolorrand>
<novthemeconfig_themecolorrandin></novthemeconfig_themecolorrandin>
<novthemeconfig_themes_color>#e5aa88</novthemeconfig_themes_color>
<novthemeconfig_themes_color_secondary>#222</novthemeconfig_themes_color_secondary>
<novthemeconfig_touch>default</novthemeconfig_touch>
<novthemeconfig_wellcomemsg></novthemeconfig_wellcomemsg>
<novthemeconfig_width_layout>1200</novthemeconfig_width_layout>
</config>
<hook>
<namehook>Header</namehook>
<position>10</position>
</hook>
<hook>
<namehook>displayBackOfficeHeader</namehook>
<position>4</position>
</hook>
<hook>
<namehook>moreOneImage</namehook>
<position>1</position>
</hook>
<hook>
<namehook>countdownProduct</namehook>
<position>1</position>
</hook>
<hook>
<namehook>moreMultilImage</namehook>
<position>1</position>
</hook>
</novthemeconfig>
<novmegamenu>
<hook>
<namehook>Header</namehook>
<position>8</position>
</hook>
<hook>
<namehook>displayMegamenu</namehook>
<position>1</position>
</hook>
</novmegamenu>
<novverticalmenu>
<hook>
<namehook>Header</namehook>
<position>3</position>
</hook>
<hook>
<namehook>displayVerticalmenu</namehook>
<position>1</position>
</hook>
</novverticalmenu>
<novnivoslider>
<config>
<novnivoslider_animspeed>600</novnivoslider_animspeed>
<novnivoslider_boxcols>8</novnivoslider_boxcols>
<novnivoslider_boxrows>4</novnivoslider_boxrows>
<novnivoslider_ctrnav>1</novnivoslider_ctrnav>
<novnivoslider_ctrnavthumbs>0</novnivoslider_ctrnavthumbs>
<novnivoslider_directionnav>0</novnivoslider_directionnav>
<novnivoslider_effect>random</novnivoslider_effect>
<novnivoslider_manualadvance>0</novnivoslider_manualadvance>
<novnivoslider_pauseonhover>1</novnivoslider_pauseonhover>
<novnivoslider_pausetime>7000</novnivoslider_pausetime>
<novnivoslider_randomstart>0</novnivoslider_randomstart>
<novnivoslider_slices>1</novnivoslider_slices>
<novnivoslider_startslide>0</novnivoslider_startslide>
</config>
<hook>
<namehook>Header</namehook>
<position>9</position>
</hook>
<hook>
<namehook>actionShopDataDuplication</namehook>
<position>3</position>
</hook>
<hook>
<namehook>displayHomeSliderOne</namehook>
<position>1</position>
</hook>
<hook>
<namehook>displayHomeSliderTwo</namehook>
<position>1</position>
</hook>
<hook>
<namehook>displayHomeSliderThree</namehook>
<position>1</position>
</hook>
<hook>
<namehook>displayHomeSliderFour</namehook>
<position>1</position>
</hook>
</novnivoslider>
<novpagemanage>
<hook>
<namehook>displayRightColumn</namehook>
<position>3</position>
</hook>
<hook>
<namehook>displayLeftColumn</namehook>
<position>3</position>
</hook>
<hook>
<namehook>displayHome</namehook>
<position>3</position>
</hook>
<hook>
<namehook>Header</namehook>
<position>11</position>
</hook>
<hook>
<namehook>displayTop</namehook>
<position>1</position>
</hook>
<hook>
<namehook>displayRightColumnProduct</namehook>
<position>1</position>
</hook>
<hook>
<namehook>displayFooter</namehook>
<position>1</position>
</hook>
<hook>
<namehook>actionObjectLanguageAddAfter</namehook>
<position>2</position>
</hook>
<hook>
<namehook>displayLeftColumnNov</namehook>
<position>3</position>
</hook>
<hook>
<namehook>displayLeftProductNov</namehook>
<position>2</position>
</hook>
<hook>
<namehook>displaySidebarBlogNov</namehook>
<position>1</position>
</hook>
<hook>
<namehook>displayRightColumnNov</namehook>
<position>3</position>
</hook>
<hook>
<namehook>displayRightProductNov</namehook>
<position>2</position>
</hook>
<hook>
<namehook>displayHomeNovOne</namehook>
<position>1</position>
</hook>
<hook>
<namehook>displayHomeNovTwo</namehook>
<position>1</position>
</hook>
<hook>
<namehook>displayHomeNovThree</namehook>
<position>1</position>
</hook>
<hook>
<namehook>displayHomeNovFour</namehook>
<position>1</position>
</hook>
<hook>
<namehook>displayHomeNovFive</namehook>
<position>1</position>
</hook>
</novpagemanage>
<novtestimonials>
<config>
<novtestimonials_item_desktop>1</novtestimonials_item_desktop>
<novtestimonials_item_mobile>1</novtestimonials_item_mobile>
<novtestimonials_item_tablet>1</novtestimonials_item_tablet>
<novtestimonials_limit>5</novtestimonials_limit>
<novtestimonials_type>type_one</novtestimonials_type>
</config>
<hook>
<namehook>displayHome</namehook>
<position>2</position>
</hook>
<hook>
<namehook>actionShopDataDuplication</namehook>
<position>2</position>
</hook>
</novtestimonials>
<novblocktags>
<hook>
<namehook>Header</namehook>
<position>4</position>
</hook>
<hook>
<namehook>actionProductAdd</namehook>
<position>2</position>
</hook>
<hook>
<namehook>actionProductUpdate</namehook>
<position>2</position>
</hook>
<hook>
<namehook>actionProductDelete</namehook>
<position>2</position>
</hook>
</novblocktags>
<novblockwishlist>
<hook>
<namehook>Header</namehook>
<position>5</position>
</hook>
<hook>
<namehook>actionCartSave</namehook>
<position>1</position>
</hook>
<hook>
<namehook>displayProductListFunctionalButtons</namehook>
<position>1</position>
</hook>
</novblockwishlist>
<smartblog>
<config>
<smartacceptcomment>1</smartacceptcomment>
<smartblogmetadescrip>Prestashop powerfull blog site developing module. It has hundrade of extra plugins. This module developed by SmartDataSoft.com</smartblogmetadescrip>
<smartblogmetakeyword>smart,blog,smartblog,prestashop blog,prestashop,blog</smartblogmetakeyword>
<smartblogmetatitle>Smart Bolg Title</smartblogmetatitle>
<smartblog_quick_access>8</smartblog_quick_access>
<smartcaptchaoption>0</smartcaptchaoption>
<smartcustomcss></smartcustomcss>
<smartdisablecatimg>1</smartdisablecatimg>
<smartenablecomment>1</smartenablecomment>
<smartmainblogurl>blog</smartmainblogurl>
<smartpostperpage>3</smartpostperpage>
<smartshowauthor>1</smartshowauthor>
<smartshowauthorstyle>1</smartshowauthorstyle>
<smartshowcolumn>0</smartshowcolumn>
<smartshowhomepost>4</smartshowhomepost>
<smartshownoimg>1</smartshownoimg>
<smartshowrecentpost>2</smartshowrecentpost>
<smartshowrelatedpost>5</smartshowrelatedpost>
<smartshowviewed>0</smartshowviewed>
<smartusehtml>1</smartusehtml>
</config>
<hook>
<namehook>Header</namehook>
<position>6</position>
</hook>
<hook>
<namehook>displayBackOfficeHeader</namehook>
<position>3</position>
</hook>
<hook>
<namehook>moduleRoutes</namehook>
<position>1</position>
</hook>
</smartblog>
<smartblogrecentposts>
<hook>
<namehook>displaySmartBlogLeft</namehook>
<position>1</position>
</hook>
<hook>
<namehook>actionsbnewpost</namehook>
<position>3</position>
</hook>
<hook>
<namehook>actionsbdeletepost</namehook>
<position>3</position>
</hook>
<hook>
<namehook>actionsbupdatepost</namehook>
<position>3</position>
</hook>
<hook>
<namehook>actionsbtogglepost</namehook>
<position>3</position>
</hook>
</smartblogrecentposts>
<smartbloghomelatestnews>
<hook>
<namehook>actionsbnewpost</namehook>
<position>1</position>
</hook>
<hook>
<namehook>actionsbdeletepost</namehook>
<position>1</position>
</hook>
<hook>
<namehook>actionsbupdatepost</namehook>
<position>1</position>
</hook>
<hook>
<namehook>actionsbtogglepost</namehook>
<position>1</position>
</hook>
<hook>
<namehook>displayHomeNov</namehook>
<position>1</position>
</hook>
</smartbloghomelatestnews>
</sample>
